ID ,Titre ,Sous-titre ,Édition ,Type ,Prix indicatif ,Joueur(s) ,Durée ,Age(s) ,Univers ,Gamme(s) ,Catégorie(s) ,Thème(s) ,Mécanisme(s)
38092 ,15 Days , ,2020 ,basegame ,0 ,1 à 4 ,20 à 30 ,10+ , ,Matchbox Collection ,Jeu de Cartes ,Saisons ,Collection Gestion de main
75231 ,2 Pommes 3 Pains , ,2024 ,basegame ,12.5 ,2 à 6 ,15 à 30 ,8+ , ,2 Pommes 3 Pains ,Jeu de Cartes ,Alimentation ,Rapidité
37894 ,50 missions , ,2020 ,basegame ,18 ,1 à 4 ,20 ,8+ , ,50 missions ,Jeu de Cartes ,Abstrait Chiffres ,Combinaison Communication Restreinte Contrat Coopération Défis Gestion de main
40540 ,5211 - Azul ,Édition spéciale ,2020 ,basegame ,11.9 ,2 à 5 ,30 ,8+ , ,5211 ,Jeu de Cartes ,Abstrait ,Collection Gestion de main
32238 ,6 qui Surprend! , ,2019 ,basegame ,16 ,2 à 10 ,45 ,10+ , ,6 qui prend ,Jeu de Cartes ,Abstrait Animaux Bovins Chiffres ,Bluff Choix simultanés Déduction
1005 ,7 Wonders Duel , ,2015 ,basegame ,25 ,Duo ,30 ,10+ ,7 Wonders ,7 Wonders Duel ,Jeu de Cartes ,Antiquité Civilisations ,Affrontement Direct Draft Duo Gestion de ressources Majorité Tir à  la corde
40856 ,7 Wonders Duel - Agora , ,2020 ,extension ,20 ,Duo ,30 ,10+ ,7 Wonders ,7 Wonders Duel ,Jeu de Cartes ,Antiquité Civilisations ,Affrontement Direct Draft Duo Gestion de ressources Majorité Tir à  la corde
415 ,7 Wonders Duel - Panthéon , ,2016 ,extension ,19 ,Duo ,50 ,10+ ,7 Wonders ,7 Wonders Duel ,Jeu de Cartes ,Antiquité Mythologie ,Affrontement Direct Draft Duo Majorité Tir à  la corde
35263 ,Abyss ,Édition Anniversaire ,2019 ,basegame ,40 ,2 à 4 ,45 ,14+ ,Abyss ,Abyss ,Jeu de Cartes Jeu de plateau ,Fantastique Maritime Mythologie Océan Politique ,Collection Combinaison Enchères Gestion de main Pioche Pouvoir Stop ou encore
55388 ,Aetherya , ,2022 ,basegame ,26.9 ,1 à 4 ,20 ,10+ ,Aetherya , ,Jeu de Cartes ,Médiéval Fantastique ,Combinaison Coopération Jeu caché Pioche Placement de cartes
75353 ,Affliction - Salem 1692 , ,2017 ,basegame ,30 ,2 à 4 ,30 à 60 ,12+ , , ,Jeu de Cartes ,Sorcellerie ,Placement d'ouvriers
46247 ,Althing , ,2021 ,basegame ,14.5 ,1 à 3 ,20 ,10+ , ,Althing ,Jeu de Cartes ,Médiéval Vikings ,Campagne Deck building Gestion de main
53318 ,Althing - Sous Le Signe d'Hela , ,2021 ,extension ,7.95 ,1 à 3 ,20 ,10+ , ,Althing ,Jeu de Cartes ,Médiéval Vikings ,Campagne Deck building Gestion de main
34907 ,Ankh'or , ,2019 ,basegame ,17.9 ,2 à 4 ,30 ,10+ , ,Ankh'or ,Jeu de plateau ,Antiquité Commerce Construction Egypte Monuments ,Gestion
33654 ,Ascension - Apprentice Edition , ,2013 ,standalone ,33 ,1 à 2 ,30 ,8+ , ,Ascension ,Jeu de Cartes ,Fantastique ,Deck building
2897 ,Ascension - des Âmes Déchaînées , ,2012 ,standalone ,35 ,1 à 4 ,30 ,14+ , ,Ascension ,Jeu de Cartes ,Fantastique Monstres & Créatures ,Deck building
19467 ,Azul , ,2017 ,basegame ,37 ,2 à 4 ,30 à 45 ,8+ , ,Azul ,Jeu de tuiles ,Abstrait Arts Médiéval Portugal ,Combinaison Placement Placement de tuiles
25641 ,Azul - Les Vitraux de Sintra , ,2018 ,basegame ,37 ,2 à 4 ,30 à 60 ,8+ , ,Azul ,Jeu de plateau ,Abstrait Arts Médiéval Portugal ,Collection Combinaison Construction Placement Placement de tuiles
21992 ,Bad Bunnies , ,2015 ,basegame ,0 ,2 à 6 ,20 ,8+ , , , ,Animaux Lapins ,
39946 ,Bandida , ,2020 ,standalone ,8.95 ,1 à 4 ,30 ,6+ , ,Bandido ,Jeu de Cartes ,Évasion Far West ,Connexion Coopération Gestion de main Solo
542 ,Bandido , ,2016 ,basegame ,10 ,1 à 4 ,15 ,6+ , ,Bandido Pocket Helvetiq ,Casse-tête Jeu de Cartes ,Évasion Far West ,Connexion Coopération Gestion de main Solo
1717 ,Barbarossa , ,2014 ,basegame ,30 ,2 à 5 ,60 ,12+ , ,Barbarossa series ,Jeu de Cartes ,Adulte Érotisme Guerre Sexe ,Deck building Simulation
28037 ,Bears vs Babies , ,2017 ,basegame ,22.5 ,2 à 5 ,15 à 20 ,7+ , ,Bears vs Babies ,Jeu d'Ambiance Jeu de Cartes ,Animaux Bande dessinée Humour ,Argumentation Collection Connexion Coopération Échange & Troc Élimination Gestion de main Improvisation Majorité Négociation Observation Olfactif Prise de risque Rapidité Rôle Temps réel Toucher
33135 ,Bears vs Babies - NSFW , ,2017 ,extension ,12.95 ,2 à 5 ,15 à 20 ,18+ , ,Bears vs Babies ,Jeu d'Ambiance Jeu de Cartes ,Adulte Animaux Bande dessinée Humour ,Argumentation Collection Connexion Coopération Échange & Troc Élimination Gestion de main Improvisation Majorité Négociation Observation Olfactif Prise de risque Rapidité Rôle Temps réel Toucher
30521 ,Beaver Gang , ,2002 ,basegame ,0 ,2 à 6 ,20 ,6+ , ,Gang de Castors ,Jeu de Cartes ,Animaux Castors Chiffres ,Bluff Chance & Hasard Échange & Troc Mémorisation Prise de risque
27167 ,Bla5t , ,2016 ,basegame ,0 ,3 à 5 ,45 ,10+ , ,Bla5t ,Jeu d'Ambiance ,Monstres & Créatures ,Bluff Gestion de main Mémorisation Pari
47126 ,Botanik , ,2021 ,basegame ,20 ,Duo ,30 ,10+ , ,Botanik ,Jeu d'Observation Jeu de tuiles ,Couleurs Formes Nature Onirique Steampunk Végétaux ,Affrontement Direct Anticipation Association d'idées Blocage Duo Placement Placement de tuiles Stratégie
60249 ,Bristol 1350 , ,2022 ,basegame ,29.9 ,1 à 9 ,20 à 40 ,13+ , ,Bristol 1350 Dark Cities ,Jeu de dés ,Course Humour Médiéval Rats ,Course Déduction Élimination Jet De Dés Rôle secret Semi-coopération
20071 ,Bunny Kingdom , ,2017 ,basegame ,45 ,2 à 4 ,40 à 60 ,12+ ,Bunny Kingdom ,Bunny Kingdom ,Jeu de Cartes Jeu de plateau ,Animaux Colonisation Lapins Médiéval ,Choix simultanés Conquête Draft
42460 ,Calico , ,2020 ,basegame ,29.99 ,1 à 4 ,30 à 60 ,13+ , ,Calico ,Jeu de tuiles ,Chats Couture Loisirs ,Collection Placement de tuiles Puzzle Solo
5458 ,Camelot , ,2010 ,basegame ,20 ,2 à 5 ,40 ,10+ ,Légende Arthurienne ,Camelot ,Jeu de Cartes ,Chevalerie Médiéval ,Enchères Gestion de main Plis
51089 ,Canvas , ,2021 ,basegame ,26.9 ,1 à 5 ,30 ,10+ , ,Canvas ,Jeu de Cartes ,Arts ,Collection Gestion de main
60797 ,Canvas - Finishing Touches ,Deluxe Edition ,2023 ,extension ,35 ,1 à 5 ,30 ,14+ , ,Canvas ,Jeu de Cartes ,Arts Peinture ,Collection Gestion de main Solo
59668 ,Canvas - Reflets , ,2022 ,extension ,22.5 ,1 à 5 ,20 à 40 ,10+ , ,Canvas ,Jeu de plateau ,Arts Peinture ,Collection Draft Gestion de main Stratégie
1314 ,Carcassonne , ,2015 ,basegame ,27.5 ,2 à 5 ,40 ,8+ ,Carcassonne ,Carcassonne ,Jeu de tuiles ,Médiéval Ville ,Blocage Connexion Majorité Placement Placement de tuiles
22999 ,Carcassonne - Auberges & cathédrales ,Extension 1 ,2015 ,extension ,14 ,2 à 6 ,30 à 60 ,8+ ,Carcassonne ,Carcassonne ,Jeu de tuiles ,Médiéval Ville ,Blocage Connexion Majorité Placement Placement de tuiles
23002 ,Carcassonne - La Tour ,Extension 4 ,2016 ,extension ,15 ,2 à 6 ,30 à 60 ,8+ ,Carcassonne ,Carcassonne ,Jeu de tuiles ,Médiéval Ville ,Blocage Connexion Majorité Placement Placement de tuiles
67395 ,Cartaventura - Lewis & Clark , ,2023 ,goodie ,0 ,1 à 6 ,30 ,10+ , ,Cartaventura ,Jeu de Cartes ,Exploration ,Choix multiples Exploration
36898 ,Cartographers , ,2020 ,basegame ,17.5 ,1+ ,30 à 45 ,10+ ,Le monde d'Ulos ,Cartographers ,Jeu à  Griffonner Jeu de Cartes Jeu de plateau ,Environnement Géographie Médiéval Fantastique Monstres & Créatures ,Construction Dans Ta Face Flip & Write Papier & Crayon Simultanéité Solo
50040 ,Cartographers - Packs de Parchemins 1 2 3 , ,2021 ,extension ,20 ,1+ ,30 à 45 ,10+ ,Le monde d'Ulos ,Cartographers ,Jeu à  Griffonner Jeu de Cartes Jeu de plateau ,Environnement Géographie Maritime Médiéval Fantastique Monstres & Créatures Ville Volcan ,Construction Dans Ta Face Flip & Write Papier & Crayon Solo
51951 ,Cascadia , ,2022 ,basegame ,35 ,1 à 4 ,30 à 45 ,10+ ,Cascadia ,Cascadia ,Jeu de tuiles ,Animaux Nature ,Combinaison Placement de tuiles Stratégie
34704 ,Cat Café , ,2019 ,basegame ,16 ,2 à 4 ,30 à 60 ,10+ , , ,Jeu à  Griffonner Jeu de dés ,Animaux Chats ,Papier & Crayon Roll & Write
817 ,Celestia , ,2015 ,basegame ,25 ,2 à 6 ,30 ,8+ ,Celestia ,Celestia ,Jeu de Cartes Jeu de plateau ,Aviation Exploration Fantastique Transport & voyage ,Bluff Chance & Hasard Pari Prise de risque Stop ou encore
61 ,Century - La route des épices , ,2017 ,basegame ,35 ,2 à 5 ,30 à 60 ,8+ , ,Century ,Jeu de plateau ,Exploration ,Combinaison Deck building Stratégie
52704 ,Chakra , ,2021 ,basegame ,29.9 ,1 à 4 ,30 ,8+ , ,Chakra ,Jeu de plateau ,Anatomie Asie Nature Religion Zen ,Combinaison Déplacement Placement
19624 ,Chawaï , ,2017 ,basegame ,16 ,3 à 6 ,10 ,9+ , , ,Jeu de Cartes ,Animaux Les îles ,Bluff Déduction Gestion de main Pari
338 ,Chocobo's Crystal Hunt , ,2016 ,basegame ,22.99 ,3 à 5 ,15 ,5+ , ,Chocobo's Crystal Hunt ,Jeu de Cartes , ,
67581 ,Cidre & Kouign-Amann , ,2023 ,basegame ,0 ,3 à 6 ,30 ,14+ , , ,Jeu d'Ambiance ,Alimentation Bretagne ,
19557 ,Citadelles , ,2016 ,basegame ,15 ,2 à 7 ,30 à 60 ,10+ , ,Citadelles ,Jeu de Cartes ,Médiéval Fantastique ,Bluff Choix multiples Choix simultanés Construction Draft Gestion de main Pouvoir
58184 ,Claim 2 Pocket , ,2018 ,basegame ,0 ,Duo ,25 ,10+ , ,Claim ,Jeu de Cartes ,Fantastique ,Plis
50834 ,Claim Pocket , ,2020 ,basegame ,0 ,Duo ,25+ ,10+ , ,Claim Pocket ,Jeu de Cartes ,Médiéval Fantastique ,
19410 ,Clank! ,Les aventuriers du deck-building ,2017 ,basegame ,50 ,2 à 4 ,60 ,12+ ,Clank! ,Clank! ,Jeu de Cartes Jeu de plateau ,Dragons Exploration Médiéval Fantastique ,Card-driven Course Deck building Élimination Exploration Mouvement de point à  point Parcours Prise de risque
20002 ,Clank! -  Trésors engloutis , ,2018 ,extension ,25 ,2 à 4 ,60 ,12+ ,Clank! ,Clank! ,Jeu de Cartes Jeu de plateau ,Exploration Fantastique Maritime Médiéval Monstres & Créatures ,Card-driven Chance & Hasard Course Deck building Exploration Gestion de main Parcours Pioche Pouvoir Prise de risque Stop ou encore
43400 ,Clank! - La Grande Aventure , ,2021 ,extension ,25 ,2 à 6 ,60 à 120 ,13+ ,Clank! ,Clank! ,Jeu de Cartes Jeu de plateau ,Dragons Médiéval Fantastique ,Collecte & Transport Deck building Élimination Mouvement de point à  point Prise de risque
46964 ,Clash of Decks - Starter Kit , ,2021 ,basegame ,2 ,1 à 2 ,15 ,8+ , ,Clash Of Decks ,Jeu de Cartes ,Médiéval Fantastique ,Affrontement Direct Combinaison Évolutif Gestion de main
807 ,Codenames Images , ,2017 ,basegame ,20 ,2 à 8 ,15 ,10+ , ,Codenames ,Jeu d'Ambiance ,Lettres ,Association d'idées Équipes Prise de risque
1467 ,Colt Express , ,2014 ,basegame ,30 ,2 à 6 ,40 ,10+ ,Colt Express ,Colt Express ,Jeu de plateau ,Far West Trains ,Affrontement Direct Déplacement Gestion de main Programmation
432 ,Colt Express - Marshal & Prisonniers , ,2016 ,extension ,20 ,3 à 8 ,40 ,10+ ,Colt Express ,Colt Express ,Jeu de plateau ,Far West Trains ,Affrontement Direct Déplacement Gestion de main Programmation
37011 ,Colt Super Express , ,2020 ,basegame ,15 ,3 à 7 ,15 ,7+ ,Colt Express ,Colt Super Express ,Jeu de plateau ,Far West Trains ,Affrontement Direct Choix simultanés Déplacement Gestion de main Programmation
40380 ,Colt Super Express - La voiture à  voyager dans le temps , ,2020 ,goodie ,1 ,3 à 7 ,15 ,7+ ,Colt Express ,Colt Super Express ,Jeu de plateau ,Far West Trains ,Affrontement Direct Déplacement Gestion de main Programmation
35267 ,Conspiracy ,Abyss Universe ,2019 ,basegame ,15 ,2 à 4 ,30 ,8+ ,Abyss ,Abyss Conspiracy ,Jeu de Cartes ,Fantastique Océan ,Collection Combinaison
33487 ,Copenhagen : Roll & Write , ,2019 ,basegame ,0 ,2 à 4 ,20 à 40 ,8+ , ,Copenhagen ,Jeu de dés , ,Combinaison Jet De Dés Roll & Write
20588 ,Cthulhu Realms , ,2016 ,basegame ,15 ,2 à 4 ,25 ,14+ ,Cthulhu ,Star Realms ,Jeu de Cartes ,Mythologie ,Combinaison Deck building Gestion de main Pouvoir
23879 ,Deadwood 1876 , ,2018 ,basegame ,21 ,2 à 9 ,20 à 40 ,13+ , ,Dark Cities ,Jeu d'Ambiance Jeu de dés ,Far West ,Bluff Déduction Gestion de main Jet De Dés Semi-coopération
24741 ,Deckscape - à  l'épreuve du temps , ,2018 ,basegame ,11.9 ,1 à 6 ,30 à 90 ,12+ , ,Deckscape ,Escape Game Jeu de Cartes ,Sciences ,Coopération Logique Observation
24743 ,Deckscape - Braquage à  Venise , ,2018 ,basegame ,11.9 ,1 à 6 ,30 à 90 ,12+ , ,Deckscape ,Escape Game Jeu de Cartes ,Italie Venise Ville ,Coopération Logique Observation
27746 ,Deckscape - Derrière le rideau , ,2019 ,basegame ,11.9 ,1 à 6 ,30 à 90 ,12+ , ,Deckscape ,Escape Game Jeu de Cartes ,Magie ,Coopération Logique Observation
34248 ,Deckscape - La Malédiction du Sphinx , ,2019 ,basegame ,11.9 ,1 à 6 ,60 ,12+ , ,Deckscape ,Escape Game Jeu de Cartes ,Egypte ,Coopération Déduction Énigme
24742 ,Deckscape - Le destin de Londres , ,2018 ,basegame ,11.9 ,1 à 6 ,30 à 90 ,12+ , ,Deckscape ,Escape Game Jeu de Cartes ,Londres ,Coopération Logique Observation
26450 ,Deckscape - Le Mystère de l'Eldorado , ,2018 ,basegame ,11.9 ,1 à 6 ,30 à 90 ,12+ , ,Deckscape ,Escape Game Jeu de Cartes ,Aventure ,Coopération Logique Observation
1698 ,Deep Sea Adventure , ,2014 ,basegame ,19 ,2 à 6 ,30 ,8+ , ,Deep Sea Adventure ,Jeu de plateau Jeu de tuiles ,Exploration Maritime Océan ,Collection Jet De Dés Plateau modulaire Prise de risque Stop ou encore
23514 ,Deja Vu : Fragments of Memory , ,2018 ,basegame ,40 ,2 à 4 ,45 à 90 ,10 , , , ,Fantastique Science-fiction ,Collection Deck building Plateau modulaire
43 ,Dice Forge , ,2017 ,basegame ,40 ,2 à 4 ,45 ,10+ ,Dice Forge ,Dice Forge ,Jeu de dés Jeu de plateau ,Fantastique Mythologie ,Chance & Hasard Construction Développement Gestion de ressources Jet De Dés Pouvoir Simultanéité
33864 ,Dice Hospital , ,2019 ,basegame ,50 ,1 à 4 ,45 à 90 ,10+ , ,Dice Hospital ,Jeu de dés Jeu de plateau ,Médical Santé ,Jet De Dés Placement d'ouvriers Points d'action Solo
34192 ,Dice Hospital - Extension Deluxe , ,2019 ,extension ,22.5 ,1 à 4 ,45 à 90 ,10+ , ,Dice Hospital ,Jeu de dés Jeu de plateau ,Médical Santé ,Jet De Dés Placement d'ouvriers Points d'action Solo
23076 ,Dicetopia , ,2018 ,basegame ,30 ,2 à 4 ,20 à 30 ,14+ , ,Dicetopia ,Jeu de plateau ,Cyberpunk ,Majorité Objectif secret Placement d'ouvriers
38239 ,Dicetopia - Crashing Waves , ,2020 ,extension ,22.95 ,2 à 6 ,30 à 40 ,14+ , ,Dicetopia ,Jeu de plateau ,Cyberpunk ,Collection Contrôle de zone Influence Jet De Dés Majorité Objectif secret Placement d'ouvriers
26361 ,Dicetopia - Faction Pack , ,2018 ,extension ,4.95 ,2 à 4 ,30 ,12+ , ,Dicetopia ,Jeu de plateau ,Cyberpunk ,Majorité Objectif secret Placement d'ouvriers
42775 ,Dicetopia - Playmat , ,2020 ,accessoire ,28.95 ,2 à 6 ,30 à 40 ,14+ , ,Dicetopia ,Jeu de plateau ,Cyberpunk ,Collection Contrôle de zone Influence Jet De Dés Majorité Objectif secret Placement d'ouvriers
26360 ,Dicetopia - Solo Expansion : The Steve Experience , ,2018 ,extension ,7.95 ,Solo ,30 ,12+ , ,Dicetopia ,Jeu de plateau ,Cyberpunk ,Majorité Objectif secret Placement d'ouvriers Solo
50005 ,Dicetopia : Agent Meeple Pack , ,2021 ,accessoire ,8 ,2 à 4 ,30 ,12+ , ,Dicetopia ,Jeu de plateau ,Cyberpunk ,Majorité Objectif secret Placement d'ouvriers
50004 ,Dicetopia : Community Faction Pack 2 , ,2021 ,extension ,4.95 ,Solo ,30 ,12+ , ,Dicetopia ,Jeu de plateau ,Cyberpunk ,Majorité Objectif secret Placement d'ouvriers Solo
36454 ,Dicetopia : Roll with the Punches , ,2019 ,extension ,17 ,2 à 5 ,30 ,12+ , ,Dicetopia ,Jeu de plateau ,Cyberpunk ,Majorité Objectif secret Placement d'ouvriers
50003 ,Dicetopia : Solo Player Expansion 2- Escaping Mats , ,2021 ,extension ,7.95 ,Solo ,30 ,12+ , ,Dicetopia ,Jeu de plateau ,Cyberpunk ,Majorité Objectif secret Placement d'ouvriers Solo
41870 ,Dinner in Paris , ,2020 ,basegame ,39.9 ,2 à 4 ,30 à 60 ,10+ , ,Dinner in Paris ,Jeu de plateau ,Alimentation Cuisine France Restaurant Ville ,Construction Majorité
25579 ,Dixit - 10th Anniversary , ,2018 ,extension ,20 ,3 à 12 ,30 ,8+ ,Dixit ,Dixit ,Jeu de Cartes ,Arts Contes Humour Onirique ,Créativité & Imagination Déduction Énigme Narration Pari Pioche
1577 ,Dixit - Odyssey , ,2014 ,standalone ,30 ,3 à 12 ,30 ,8+ ,Dixit ,Dixit ,Jeu de Cartes ,Arts Contes Humour Onirique ,Créativité & Imagination Déduction Énigme Narration Pari Pioche
35839 ,Dobble Harry Potter , ,2019 ,basegame ,10.9 ,2 à 8 ,15 ,6+ ,Harry Potter ,Dobble ,Jeu d'Ambiance Jeu de Cartes ,Film & Série Littérature Magie ,Observation Rapidité
28590 ,Draftosaurus , ,2019 ,basegame ,19.9 ,2 à 5 ,15 ,8+ , ,Draftosaurus ,Jeu de plateau ,Animaux Dinosaures Loisirs Parc d'attraction Zoo ,Choix simultanés Collection Draft Jet De Dés Placement Stratégique
42221 ,Draftosaurus - Aerial Show , ,2021 ,extension ,12.9 ,2 à 5 ,15 ,8+ , ,Draftosaurus ,Jeu de plateau ,Animaux Dinosaures Loisirs Parc d'attraction Zoo ,Choix simultanés Collection Draft Jet De Dés Placement
42772 ,Draftosaurus - Le Nouvel Enclos , ,2020 ,goodie ,0 ,2 à 5 ,15 ,8+ , ,Draftosaurus ,Jeu de plateau ,Animaux Dinosaures Loisirs Parc d'attraction Zoo ,Choix simultanés Collection Draft Jet De Dés Placement
42222 ,Draftosaurus - Marina , ,2021 ,extension ,12.9 ,2 à 5 ,15 ,8+ , ,Draftosaurus ,Jeu de plateau ,Animaux Dinosaures Loisirs Parc d'attraction Zoo ,Choix simultanés Collection Draft Jet De Dés Placement d'ouvriers
21333 ,Drakon , ,2015 ,basegame ,29.95 ,2 à 6 ,40 ,10+ , ,Drakon ,Jeu de plateau ,Fantastique Labyrinthe ,Placement de tuiles Plateau modulaire Pouvoir
38093 ,Eiyo , ,2020 ,basegame ,0 ,Solo ,20 à 30 ,10+ , ,Matchbox Collection ,Jeu de Cartes ,Asie Japon Japon Féodal ,Affrontement Direct Gestion de main
63207 ,Epic Spell Wars ,Baston de Sorciers Au Mont du Crâne Chauve ,2023 ,basegame ,28 ,2 à 6 ,30 ,14+ , ,Epic Spell Wars ,Jeu de Cartes ,Fantastique Humour ,Affrontement Direct Bluff Chance & Hasard Choix simultanés Combinaison Élimination Gestion de main
42279 ,Esquissé? ,6 Joueurs ,2020 ,basegame ,21 ,4 à 6 ,20 ,8+ , ,Esquissé? ,Jeu d'Ambiance ,Humour Vie quotidienne ,Créativité & Imagination Dessin Devinette
47771 ,Everdell , ,2021 ,basegame ,54 ,1 à 4 ,40 à 80 ,10+ ,Everdell ,Everdell ,Jeu de Cartes Jeu de plateau ,Animaux Fantastique Immobilier Nature Saisons Ville ,Construction Gestion de main Gestion de ressources Placement d'ouvriers Pouvoir Solo
343 ,Evolution - Climate , ,2016 ,standalone ,0 ,2 à 6 ,60 ,12+ ,Evolution ,Evolution ,Jeu de Cartes ,Animaux Climat & Météo Nature Préhistoire Survie ,Choix simultanés Combinaison Gestion de main
21305 ,Exit - Le Laboratoire Secret , ,2017 ,basegame ,12.5 ,1 à 6 ,60 à 120 ,12+ , ,Exit ,Escape Game ,Enquêtes & Mystères Sciences ,Altération de Matériel Coopération Déduction Défis Énigme Logique Observation Réflexion
19847 ,Exploding Kittens , ,2017 ,basegame ,20 ,2 à 5 ,20 ,7+ , ,Exploding Kittens ,Jeu d'Ambiance Jeu de Cartes ,Animaux Chats Humour ,Chance & Hasard Combinaison Élimination Gestion de main
50471 ,Exploding Kittens - Barking Kittens , ,2021 ,extension ,13.5 ,2 à 5 ,30 ,7+ , ,Exploding Kittens ,Jeu de Cartes ,Animaux Chats Humour ,Chance & Hasard Gestion de main
29772 ,Exploding Kittens - Imploding Kittens , ,2019 ,extension ,13.5 ,2 à 5 ,30 ,7+ , ,Exploding Kittens ,Jeu de Cartes ,Animaux Chats Humour ,Chance & Hasard Combinaison Élimination
50470 ,Exploding Kittens - Streaking Kittens , ,2021 ,extension ,6.5 ,2 à 5 ,30 ,7+ , ,Exploding Kittens ,Jeu de Cartes ,Animaux Chats Humour ,Chance & Hasard Combinaison Élimination Gestion de main
18196 ,Fantasy , ,2001 ,basegame ,9 ,2 à 4 ,20 ,8+ , ,Fantasy ,Jeu de Cartes ,Fantastique Fées & lutins Monstres & Créatures Mythologie ,Collection Gestion de main Pioche Pouvoir
11321 ,Fantasy II , ,2007 ,extension ,9 ,2 à 4 ,15 ,8+ , ,Fantasy ,Jeu de Cartes ,Fantastique Fées & lutins Monstres & Créatures Mythologie ,Collection Gestion de main Pioche Pouvoir
63871 ,Focus , ,2023 ,basegame ,13.5 ,Duo ,15 ,10+ ,Sherlock Holmes , ,Jeu de Cartes ,Vie quotidienne ,Association d'idées Communication Restreinte
19255 ,Galèrapagos , ,2017 ,basegame ,19.9 ,3 à 12 ,20 ,10+ , ,Galèrapagos ,Jeu d'Ambiance Jeu de plateau ,Catastrophe Humour Les îles Survie ,Bluff Coopération Diplomatie Pioche Semi-coopération
31473 ,Galèrapagos - Tribu et Personnages , ,2019 ,extension ,10 ,3 à 12 ,20 à 40 ,10+ , ,Galèrapagos ,Jeu d'Ambiance Jeu de plateau ,Catastrophe Humour Les îles Survie ,Bluff Coopération Diplomatie Semi-coopération
50438 ,Get on Board - New York & London , ,2022 ,basegame ,26.5 ,2 à 5 ,30 ,8+ , ,Let's Make a Bus Route ,Jeu de plateau ,Angleterre États-Unis Londres New York Réseau Routier Transport & voyage Ville ,Dessin Flip & Write
48838 ,Gladius - KS Edition , ,2021 ,basegame ,0 ,2 à 5 ,20 à 30 ,13+ , , ,Jeu de Cartes ,Antiquité Empire Romain ,Bluff Déduction Gestion de main Pouvoir
41131 ,Glasgow , ,2020 ,basegame ,19.99 ,Duo ,30 ,10+ , ,Glasgow Jeu pour 2 ,Jeu de plateau ,Architecture Construction Écosse Europe Immobilier Urbanisme Ville ,Construction Duo Placement d'ouvriers Placement de tuiles Stratégie
36720 ,Gnomopolis , ,2020 ,basegame ,34.9 ,1 à 4 ,30 à 60 ,10+ , ,Gnomopolis ,Jeu de plateau ,Fantastique Mythologie Ville ,Collection Deck building Placement d'ouvriers
38096 ,Golems , ,2020 ,basegame ,0 ,1 à 2 ,20 ,10+ , ,Matchbox Collection ,Jeu de Cartes ,Abstrait Fantastique ,Collection Draft
37682 ,Gorinto , ,2020 ,basegame ,35 ,1 à 4 ,30 à 60 ,13+ , ,Gorinto ,Jeu de plateau Jeu de tuiles ,Abstrait Asie Éléments Naturels Japon ,Association d'idées Collection Placement de tuiles Pouvoir Solo Stratégie
47629 ,Gorinto - L'extension du Dragon , ,2021 ,extension ,6 ,1 à 4 ,30 à 60 ,13+ , ,Gorinto ,Jeu de plateau Jeu de tuiles ,Abstrait Asie Dragons Éléments Naturels Japon ,Association d'idées Collection Placement de tuiles Pouvoir Solo Stratégie
26040 ,Gosu 2 : tactics , ,2012 ,basegame ,18 ,2 à 4 ,15 à 30 ,13+ , ,Gosu ,Jeu de Cartes ,Fantastique Gobelins Guerre ,Affrontement Direct Chance & Hasard Combinaison Gestion de main
37060 ,Hades Trap , ,2020 ,basegame ,0 ,2 à 4 ,20 à 40 ,10+ , ,Hades Trap ,Jeu de plateau ,Labyrinthe Monstres & Créatures Mythologie ,Affrontement Direct
62152 ,Hades Trap - Campagne narrative , ,2020 ,extension ,0 ,2 à 4 ,20 à 40 ,10+ , ,Hades Trap ,Jeu de plateau ,Labyrinthe Monstres & Créatures Mythologie ,Affrontement Direct
50823 ,Hanabi , ,2019 ,basegame ,9.9 ,2 à 5 ,30 ,8+ , ,Hanabi ,Jeu de Cartes ,Abstrait Asie Fête Japon ,Communication Restreinte Coopération Déduction Jeu caché Logique Prise de risque
33240 ,Harry Potter - Bataille à  Poudlard , ,2019 ,basegame ,50 ,2 à 4 ,60 ,11+ ,Harry Potter ,Bataille à  Poudlard ,Jeu de Cartes ,Film & Série Littérature ,Campagne Coopération Deck building Scénarios
41940 ,Harry Potter - Bataille à  Poudlard - Défense contre les Forces du Mal , ,2020 ,basegame ,22.5 ,Duo ,60 ,12+ ,Harry Potter ,Bataille à  Poudlard ,Jeu de Cartes ,Magie ,Deck building Gestion de main
42510 ,Harry Potter - Bataille à  Poudlard - La Monstrueuse Boîte des Monstres , ,2020 ,extension ,26.9 ,2 à 4 ,30 à 60 ,10+ ,Harry Potter ,Bataille à  Poudlard ,Jeu de Cartes ,Film & Série Littérature Magie Monstres & Créatures Sorcellerie ,Coopération Deck building
22968 ,Hero Realms , ,2018 ,basegame ,20 ,2 à 4 ,20 ,12+ , ,Hero Realms ,Jeu de Cartes ,Médiéval Fantastique ,Affrontement Direct Deck building
24116 ,Hero Realms - Archer , ,2018 ,extension ,3.5 ,2 à 4 ,20 à 30 ,12+ , ,Hero Realms ,Jeu de Cartes ,Fantastique Médiéval ,Deck building
54485 ,Hero Realms - Ascendance , ,2022 ,extension ,6.95 ,2 à 4 ,20 ,12+ , ,Hero Realms ,Jeu de Cartes ,Médiéval Fantastique ,Affrontement Direct Deck building
24118 ,Hero Realms - Clerc , ,2018 ,extension ,3.5 ,2 à 4 ,20 à 30 ,12+ , ,Hero Realms ,Jeu de Cartes ,Fantastique Médiéval ,Deck building
24115 ,Hero Realms - Guerrier , ,2018 ,extension ,3.5 ,2 à 4 ,20 à 30 ,12+ , ,Hero Realms ,Jeu de Cartes ,Fantastique Médiéval ,Deck building
32399 ,Hero Realms - La Ruine de Thandar , ,2019 ,extension ,15.9 ,1 à 4 ,30 ,12+ , ,Hero Realms ,Jeu de Cartes ,Médiéval Fantastique ,Coopération Deck building Solo
47168 ,Hero Realms - Le Village Perdu , ,2021 ,extension ,15.9 ,1 à 4 ,30 à 60 ,12+ , ,Hero Realms ,Jeu de Cartes ,Médiéval Fantastique ,Coopération Deck building Solo
54484 ,Hero Realms - Périples : Chasseurs , ,2022 ,extension ,4.2 ,2 à 4 ,20 ,12+ , ,Hero Realms ,Jeu de Cartes ,Médiéval Fantastique ,Affrontement Direct Deck building
54440 ,Hero Realms - Périples : Conquête , ,2022 ,extension ,4.2 ,2 à 4 ,20 ,12+ , ,Hero Realms ,Jeu de Cartes ,Médiéval Fantastique ,Affrontement Direct Deck building
54441 ,Hero Realms - Périples : Découverte , ,2022 ,extension ,4.2 ,2 à 4 ,20 ,12+ , ,Hero Realms ,Jeu de Cartes ,Médiéval Fantastique ,Affrontement Direct Deck building
54443 ,Hero Realms - Périples : Voyageurs , ,2022 ,extension ,4.2 ,2 à 4 ,20 ,12+ , ,Hero Realms ,Jeu de Cartes ,Médiéval Fantastique ,Affrontement Direct Deck building
24114 ,Hero Realms - Sorcier , ,2018 ,extension ,3.5 ,2 à 4 ,20 à 30 ,12+ , ,Hero Realms ,Jeu de Cartes ,Médiéval Fantastique ,Affrontement Direct Deck building
24117 ,Hero Realms - Voleur , ,2018 ,extension ,3.5 ,2 à 4 ,20 à 30 ,12+ , ,Hero Realms ,Jeu de Cartes ,Fantastique Médiéval ,Deck building
29517 ,Hero Realms : Deck de Boss - Dragon , ,2019 ,extension ,8 ,2 à 5 ,20 à 30 ,12+ , ,Hero Realms ,Jeu de Cartes ,Fantastique Médiéval ,Affrontement Direct Deck building
29518 ,Hero Realms : Deck de Boss - Liche , ,2019 ,extension ,8 ,2 à 5 ,20 à 30 ,12+ , ,Hero Realms ,Jeu de Cartes ,Fantastique Médiéval ,Affrontement Direct Deck building
49386 ,Hit! , ,2021 ,basegame ,9.9 ,2 à 5 ,15 ,8+ , ,Hit! ,Jeu de Cartes ,Far West ,Pari Prise de risque Stop ou encore
49017 ,It's a Wonderful Kingdom ,Legends ,2021 ,basegame ,50 ,Duo ,45 à 60 ,14+ , ,It's a Wonderful Kingdom ,Jeu de Cartes ,Conquête Médiéval Fantastique ,Bluff Conquête Draft Duo I Cut  You Choose
35545 ,It's a Wonderful World ,Héritage ,2019 ,basegame ,58 ,1 à 5 ,30 à 60 ,14+ , ,It's a Wonderful World ,Jeu de Cartes ,Bourse & Finances Guerre Science-fiction ,Collection Draft Exploration Gestion de main Gestion de ressources
37133 ,It's a Wonderful World - Corruption & Ascension ,Édition Kickstarter ,2020 ,extension ,22 ,1 à 7 ,30 à 60 ,14+ , ,It's a Wonderful World ,Jeu de Cartes ,Bourse & Finances Guerre Politique Science-fiction Technologie ,Draft Exploration Gestion de ressources
36797 ,It's a Wonderful World - Guerre ou Paix , ,2020 ,extension ,20 ,1 à 5 ,30 à 60 ,14+ , ,It's a Wonderful World ,Jeu de Cartes Jeu Legacy ,Bourse & Finances Guerre Politique Science-fiction Technologie ,Campagne Draft Exploration Gestion de ressources
43921 ,It's a Wonderful World - Loisirs et Décadence ,Édition Kickstarter ,2020 ,extension ,25 ,1 à 7 ,30 à 60 ,14+ , ,It's a Wonderful World ,Jeu de Cartes ,Bourse & Finances Guerre Science-fiction Technologie ,Draft Exploration Gestion de ressources
7470 ,Jaipur , ,2009 ,basegame ,20 ,Duo ,30 ,12+ , ,Jaipur ,Jeu de Cartes ,Animaux Chameaux Commerce Inde ,Combinaison Défausse Duo Gestion de main
7107 ,Jamaïca , ,2010 ,basegame ,38 ,2 à 6 ,40 ,8+ , ,Jamaica ,Jeu de plateau ,Course Pirates ,Affrontement Direct Choix simultanés Course Déduction Parcours
50954 ,Jardins Anglais , ,2021 ,basegame ,13.5 ,1 à 5 ,30 à 60 ,12+ , ,village green ,Jeu de Cartes ,Jardinage Nature Végétaux ,Gestion de main
47693 ,Jekyll vs Hyde , ,2021 ,basegame ,16 ,Duo ,20 ,8+ ,Jekyll & Hyde ,Jekyll vs Hyde ,Jeu de Cartes ,Époque Victorienne Littérature ,Affrontement Direct Asymétrie Duo Plis Pouvoir
26239 ,Jenga , ,2012 ,basegame ,19.95 ,1 à 10 ,30 ,6+ , ,Jenga ,Casse-tête Jeu d'Ambiance ,Humour ,Adresse & Dextérité Affrontement Direct
45602 ,Jungle Speed , ,2019 ,basegame ,20 ,2 à 10 ,20 ,7+ , ,Jungle Speed ,Jeu de Cartes ,Abstrait ,Observation Rapidité
37241 ,Jurassic Parts , ,2020 ,basegame ,29 ,2 à 4 ,30 à 45 ,10+ , ,Jurassic Parts ,Jeu de tuiles ,Animaux Archéologie Dinosaures Préhistoire ,Collection Majorité
397 ,Kingdomino , ,2016 ,basegame ,22 ,2 à 4 ,15 ,8+ ,Kingdomino ,Kingdomino ,Jeu de tuiles ,Médiéval ,Cascade De Dominos Combinaison Construction Placement de tuiles
32934 ,Kingdomino Duel , ,2019 ,basegame ,11.9 ,Duo ,30 ,7+ ,Kingdomino , ,Jeu de dés ,Fantasy ,Duo Roll & Write
47162 ,Kingdomino Origins , ,2021 ,basegame ,27 ,2 à 4 ,15 ,8+ ,Kingdomino ,Kingdomino Origins ,Jeu de tuiles ,Fantastique Préhistoire ,Cascade De Dominos Combinaison Construction Placement de tuiles
3653 ,Kingdoms , ,2012 ,basegame ,30 ,2 à 4 ,30 ,9+ , ,Kingdoms ,Jeu de plateau , ,
33093 ,Korsar , ,2019 ,basegame ,10 ,2 à 8 ,30 ,10+ , ,Korsar ,Jeu de Cartes ,Maritime Pirates ,Contrôle de zone Gestion de main
49816 ,L'Énigme Sans Nom , ,2021 ,basegame ,16 ,1+ ,30 à 60 ,14+ , ,L'Énigme Sans Nom ,Casse-tête ,Abstrait ,Déduction Énigme Logique
38772 ,L'île des chats , ,2020 ,basegame ,49 ,1 à 4 ,60 à 90 ,8+ , ,L'Île Des Chats ,Jeu de plateau Jeu de tuiles ,Animaux Chats Fantastique Les îles Pirates ,Collection Combinaison Draft Placement de tuiles Polyominos
58928 ,La Bataille des Pâtissorciers , ,2022 ,basegame ,7.5 ,Duo ,30 ,8+ , ,La Bataille des Pâtissorciers Matagot Micro-Game ,Jeu de Cartes ,Alimentation Sorcellerie ,Affrontement Direct Gestion de main Mémorisation
26678 ,La Petite Mort , ,2018 ,basegame ,22.5 ,2 à 4 ,30 ,14+ ,La Petite Mort ,La Petite Mort ,Jeu de Cartes ,Bande dessinée Horreur Humour Monstres & Créatures ,Gestion de main Placement Simultanéité
35140 ,La Petite Mort - Course à  la Science , ,2019 ,extension ,9 ,2 à 4 ,30 ,14+ ,La Petite Mort ,La Petite Mort ,Jeu de Cartes ,Bande dessinée Horreur Humour Monstres & Créatures ,Gestion de main Placement Simultanéité
36908 ,Labyrinth - Star Wars , ,2016 ,basegame ,22.95 ,2 à 4 ,20 à 30 ,6+ ,Star Wars ,Labyrinthe ,Jeu de Cartes Jeu de plateau ,Labyrinthe ,Blocage Déplacement Objectif secret Plateau modulaire
52334 ,Las Vegan , ,2022 ,basegame ,15 ,2 à 5 ,20 à 30 ,10+ , , ,Jeu de Cartes ,Alimentation Fruits & légumes ,Plis
37261 ,Le Renard des Bois Duo , ,2020 ,basegame ,13.5 ,Duo ,30 ,10+ , ,Le Renard des Bois ,Jeu de Cartes ,Animaux Fantastique Fées & lutins Renards ,Argumentation Contrat Coopération Duo Mouvement de point à  point Parcours Plis Prise de risque
9546 ,Les Aventuriers du Rail ,Le jeu de Cartes ,2008 ,basegame ,15 ,2 à 4 ,30 ,8+ , ,Les Aventuriers Du Rail ,Jeu de Cartes ,Trains Transport & voyage ,Collection Gestion de main Majorité Mémorisation Objectif secret Pioche
46498 ,Les Aventuriers du Rail - Europe ,15e Anniversaire ,2021 ,basegame ,99 ,2 à 5 ,30 à 60 ,8+ , ,Les Aventuriers Du Rail ,Jeu de plateau ,Europe Réseau Routier Trains Transport & voyage ,Collection Connexion Objectif secret
61698 ,Les bons contes font les bons ennemis... , ,2023 ,basegame ,7.5 ,Duo ,20 ,8+ , ,Les bons contes font les bons ennemisâ€¦ Matagot Micro-Game ,Jeu de Cartes ,Contes ,Chance & Hasard Collection Placement de cartes Pouvoir
25727 ,Les Charlatans de Belcastel , ,2018 ,basegame ,35 ,2 à 4 ,30 à 60 ,10+ ,Belcastel ,les charlatans de Belcastel ,Jeu de plateau ,Médiéval Fantastique ,Bag Building Chance & Hasard Collection Combinaison Pouvoir Prise de risque Stop ou encore
55067 ,Les Gardiens de Havresac , ,2022 ,basegame ,45 ,1 à 4 ,30 ,10+ , , ,Jeu de plateau Jeu de tuiles ,Médiéval Fantastique ,Bag Building Combinaison Placement de tuiles Pouvoir Stratégie
50529 ,Les Hauts Fourneaux , ,2021 ,basegame ,28.9 ,2 à 4 ,30 à 60 ,12+ , ,Les Hauts Fourneaux ,Jeu de plateau ,Industrie Révolution industrielle ,Draft Enchères Gestion de main
35706 ,Les Petites Bourgades , ,2020 ,basegame ,35 ,1 à 6 ,45 ,10+ , ,Les Petites Bourgades ,Jeu de plateau ,Animaux Construction Ville ,Choix simultanés Combinaison Construction Placement Stratégique Stratégie
40788 ,Les Ruines Perdues de Narak , ,2021 ,basegame ,60 ,1 à 4 ,60 à 120 ,12+ , ,Iello Expert Les Ruines Perdues De Narak ,Jeu de plateau ,Archéologie Exploration Jungle Transport & voyage ,Deck building Exploration Placement d'ouvriers
50524 ,Les Ruines Perdues De Narak - Chefs d'Expédition , ,2022 ,extension ,30 ,2 à 4 ,60 à 120 ,12+ , ,Iello Expert Les Ruines Perdues De Narak ,Jeu de plateau ,Archéologie Exploration Jungle Transport & voyage ,Deck building Exploration Placement d'ouvriers
61152 ,Let's Summon Demons , ,2022 ,basegame ,20 ,2 à 5 ,30 ,14+ , , ,Jeu de Cartes Jeu de dés ,Démons Enfants Fantastique Humour ,Chance & Hasard Collection Combinaison Dans Ta Face Jet De Dés
38540 ,Lions Of Lydia , ,2020 ,basegame ,35 ,2 à 4 ,30 à 60 ,14+ , , ,Jeu de plateau ,Antiquité Économie Ville ,Bag Building Deck building Gestion de ressources Placement d'ouvriers Plateau modulaire
20068 ,Little Big Fish , ,2017 ,basegame ,19.9 ,Duo ,20 ,8+ , , ,Jeu de plateau ,Abstrait Animaux ,Affrontement Direct Capture Déplacement
32047 ,Little Town , ,2019 ,basegame ,26.5 ,2 à 4 ,45 ,10+ ,Little Town ,Little Town ,Jeu de plateau ,Construction Médiéval Ville ,Construction Gestion de ressources Placement Placement d'ouvriers Placement de tuiles
56066 ,Little Town - Artisans , ,2022 ,extension ,18 ,2 à 4 ,45 ,10+ ,Little Town ,Little Town ,Jeu de plateau ,Construction Médiéval Ville ,Construction Gestion de ressources Placement Placement d'ouvriers Placement de tuiles
53460 ,Loco Momo , ,2022 ,basegame ,22.5 ,1 à 4 ,20 à 30 ,8+ , , ,Jeu de plateau ,Animaux Nature ,Placement de cartes
29240 ,Love Letter , ,2019 ,basegame ,10 ,2 à 6 ,15 ,8+ , ,Love Letter ,Jeu de Cartes ,Historique Médiéval ,Bluff Déduction Élimination Gestion de main Pouvoir Rôle secret
54425 ,Love Letter - Le Palais de Jabba , ,2022 ,basegame ,13.5 ,2 à 6 ,30 ,10+ ,Star Wars ,Love Letter ,Jeu de Cartes ,Science-fiction ,Bluff Déduction Rôle secret
44381 ,Lueur , ,2021 ,basegame ,35 ,2 à 4 ,45 ,10+ , ,Lueur ,Jeu de Cartes Jeu de plateau ,Fantasy ,Choix multiples Collection Combinaison Jet De Dés Parcours Pouvoir Stop ou encore
928 ,Lutèce , ,2015 ,basegame ,22 ,2 à 5 ,45 ,10+ , , ,Jeu de Cartes Jeu de plateau ,Antiquité Ville ,Chance & Hasard Choix simultanés Collection Enchères Enchères cachées Gestion de main Majorité
33398 ,Mandala , ,2019 ,basegame ,19.9 ,Duo ,30 ,10+ , ,Jeu pour 2 , ,Abstrait Inde ,Construction Duo Gestion de main
40518 ,Margraves De Valeria , ,2020 ,basegame ,36.9 ,2 à 5 ,60 à 120 ,13+ ,Valeria ,Margraves of Valeria ,Jeu de plateau ,Médiéval Fantastique ,Affrontement Direct Gestion Placement d'ouvriers
26989 ,Mekaröth , ,2018 ,basegame ,24 ,2 à 4 ,30 ,8+ , , ,Jeu de plateau ,Animaux Écologie Fantastique Steampunk ,Blocage Course Déplacement Mémorisation Placement de tuiles
321 ,Meowtopia , ,2016 ,basegame ,30 ,2 à 4 ,40 ,10+ , ,Meowtopia ,Jeu de plateau ,Animaux Asie ,Gestion Placement d'ouvriers
303 ,Meowtopia : Chaton , ,2016 ,goodie ,0 ,2 à 4 ,40 ,10+ , ,Meowtopia ,Jeu de plateau ,Animaux Asie ,Gestion Placement d'ouvriers
42016 ,MicroMacro Crime City , ,2020 ,basegame ,24.95 ,1 à 4 ,15 à 45 ,10+ , ,MicroMacro Crime City ,Jeu d'Observation ,Criminalité Enquêtes & Mystères Objets Vie quotidienne Ville ,Coopération Déduction Observation Scénarios
859 ,Mombasa , ,2015 ,basegame ,40 ,2 à 4 ,75 à 150 ,12+ , ,Mombasa ,Jeu de plateau ,Afrique Bourse & Finances Colonisation ,Choix simultanés Conquête Deck building Draft Gestion de main Placement d'ouvriers Pouvoir Programmation
55170 ,Momiji , ,2022 ,basegame ,18 ,1 à 4 ,30 ,8+ , ,Momiji ,Jeu de Cartes ,Nature Saisons Végétaux ,Asymétrie Collection Draft Gestion de main Pouvoir
6381 ,Mr. Jack Pocket , ,2010 ,basegame ,15 ,Duo ,20 ,13+ ,Mr. Jack Sherlock Holmes ,Mr. Jack Pocket ,Jeu de Cartes ,Angleterre Chiens Enquêtes & Mystères ,Déduction Duo
4137 ,Mr. Jack Pocket - James Maybrick , ,2011 ,goodie ,0 ,Duo ,20 ,13+ ,Mr. Jack ,Mr. Jack Pocket ,Jeu de Cartes ,Enquêtes & Mystères ,Déduction
5447 ,Munchkin , ,2010 ,basegame ,21 ,3 à 6 ,60 ,12+ , ,Munchkin ,Jeu de Cartes ,Exploration Fantastique Humour Médiéval ,Affrontement Direct Blocage Chance & Hasard Gestion de main Pioche Semi-coopération
23118 ,Nagaraja , ,2018 ,basegame ,27 ,Duo ,30 ,9+ , ,Nagaraja ,Jeu de Cartes Jeu de dés Jeu de plateau ,Archéologie Exploration Inde Labyrinthe ,Choix simultanés Course Déplacement Duo Gestion de main Jet De Dés Parcours
36010 ,Nidavellir , ,2020 ,basegame ,35 ,2 à 5 ,30 à 60 ,10+ , ,Nidavellir ,Jeu de Cartes ,Argent Médiéval Vikings ,Choix simultanés Combinaison Enchères
50947 ,Nidavellir - Art Box , ,2022 ,accessoire ,17.5 ,2 à 5 ,30 à 60 ,10+ , ,Nidavellir ,Jeu de Cartes ,Médiéval Vikings ,Choix simultanés Combinaison Draft Enchères
42393 ,Nidavellir - Thingvellir , ,2020 ,extension ,15 ,2 à 5 ,30 à 60 ,10+ , ,Nidavellir ,Jeu de Cartes ,Médiéval Vikings ,Choix simultanés Combinaison Draft Enchères
28579 ,One Deck Dungeon - Forêt des Ombres , ,2019 ,standalone ,22.5 ,1 à 2 ,30 à 60 ,14+ , ,One Deck Dungeon ,Jeu de Cartes ,Aventure Fantastique Médiéval ,Coopération Gestion de main Jet De Dés
43329 ,P'achakuna , ,2021 ,basegame ,37 ,Duo ,30 à 60 ,8+ , , ,Jeu de plateau ,Amérique Latine Animaux Labyrinthe Lamas ,Duo Livraison Plateau modulaire
30966 ,Pas de bras... Pas de chocolat ! ,Gold Edition ,2016 ,basegame ,15 ,3 à 6 ,30 ,9+ , ,Pas de bras... pas de chocolat ! ,Jeu de Cartes ,Confiserie Cuisine ,Choix simultanés Échange & Troc
20059 ,Patchwork , ,2015 ,basegame ,18 ,Duo ,30 ,8+ , ,Jeu pour 2 Patchwork ,Jeu de tuiles ,Couture Vêtements ,Collection Duo Équilibre Placement Placement de tuiles Polyominos
50154 ,Pâtée Impériale ,Coffret Édition Limitée ,2021 ,basegame ,37.9 ,2 à 4 ,30 ,12+ , ,Pâtée Impériale ,Jeu de Cartes ,Animaux Chiens ,Combinaison Équipes Mémorisation
20072 ,Photosynthesis , ,2017 ,basegame ,37 ,2 à 4 ,60 ,10+ , ,Photosynthesis ,Jeu de plateau ,Arbres Nature Végétaux ,Combinaison Placement
359 ,Pillards de la mer du Nord , ,2016 ,basegame ,45 ,2 à 4 ,70 ,12+ ,Saga de la mer du nord ,Pillards de la mer du Nord ,Jeu de plateau ,Maritime Médiéval Vikings ,Collection Combinaison Placement d'ouvriers
34113 ,Pirates Under Fire , ,2019 ,basegame ,22.5 ,Duo ,25 à 35 ,10+ , ,Pirates Under Fire ,Jeu de plateau ,Maritime Pirates ,Conquête Gestion de main Placement de tuiles Plateau modulaire
74105 ,Pixies , ,2024 ,basegame ,12 ,2 à 5 ,30 ,8+ , , ,Jeu de Cartes ,Animaux Chiffres Nature ,Affrontement Direct Collection Construction De Tableau
690 ,Potion Explosion , ,2016 ,basegame ,40 ,2 à 4 ,30 à 60 ,8+ ,Potion Explosion ,Potion Explosion ,Jeu de plateau ,Alchimie Fantastique Humour Sciences Sorcellerie ,Alignement Collection Combinaison Connexion Observation
71447 ,Potion Explosion - Le Cinquième Ingrédient , ,2021 ,extension ,30 ,2 à 4 ,40 ,8+ ,Potion Explosion ,Potion Explosion ,Jeu de plateau ,Fantastique Humour Sciences Sorcellerie ,Alignement Collection Combinaison Connexion Observation
37273 ,Pour une poignée de Meeples , ,2020 ,basegame ,22 ,2 à 4 ,30 à 60 ,14+ , ,Pour une poignée de Meeples ,Jeu de pions Jeu de plateau ,Far West ,Placement d'ouvriers Pouvoir Semaille
32832 ,Punto , ,2019 ,basegame ,7 ,2 à 4 ,15 ,7+ , , ,Jeu de Cartes ,Abstrait Chiffres ,Alignement Équipes Placement de cartes
33889 ,QE , ,2020 ,basegame ,34 ,3 à 5 ,45 ,8+ , ,QE ,Jeu de plateau ,Bourse & Finances Économie ,Enchères cachées
2058 ,Quarriors ! , ,2013 ,basegame ,55 ,2 à 4 ,30 ,14+ , ,Quarriors ! ,Jeu de dés ,Médiéval Fantastique ,Affrontement Direct Chance & Hasard Combinaison Deck building
1946 ,Qwixx , ,2013 ,basegame ,12 ,2 à 5 ,15 ,8+ , ,Qwixx ,Jeu à  Griffonner Jeu de dés ,Chiffres Couleurs ,Chance & Hasard Choix multiples Choix simultanés Combinaison Jet De Dés Papier & Crayon Roll & Write
38094 ,Rebis , ,2020 ,basegame ,0 ,1 à 4 ,20 à 30 ,10+ , ,Matchbox Collection ,Jeu de Cartes ,Chiffres Sciences ,Dans Ta Face Gestion de main Prise de risque Stop ou encore
29303 ,Res Arcana , ,2019 ,basegame ,35 ,2 à 4 ,20 à 60 ,12+ , ,Res Arcana ,Jeu de Cartes ,Fantastique Médiéval ,Draft Gestion de main
50440 ,Ringmaster , ,2021 ,basegame ,10.99 ,2 à 4 ,5 à 15 ,10+ , ,Ringmaster ,Jeu de Cartes ,Cirque Parc d'attraction ,Dans Ta Face Gestion de main
28965 ,Root ,Conflit dans les Sous-Bois ,2019 ,basegame ,74.9 ,1 à 6 ,60 à 90 ,10+ ,Root ,Root ,Jeu de Cartes Jeu de plateau Wargame ,Animaux Fantastique ,Affrontement Direct Asymétrie Combinaison Conquête Contrôle de zone Gestion de main Influence Jet De Dés Majorité Mouvement de point à  point Pouvoir Programmation Solo
28471 ,Rune , ,2019 ,basegame ,0 ,Duo ,10 à 15 ,7+ , , ,Jeu de Cartes ,Abstrait ,Contrôle de zone Placement de tuiles
22469 ,Saboteur - Le Duel , ,2015 ,basegame ,15 ,Duo ,30 ,8+ , ,Saboteur ,Jeu de Cartes ,Mines Nains Pierres Précieuses ,Bluff Connexion Équipes Exploration Placement de cartes Plateau modulaire Rôle secret Semi-coopération
5265 ,Saboteur - Les mineurs contre-attaquent ! , ,2011 ,basegame ,16 ,2 à 12 ,30 ,8+ , ,Saboteur ,Jeu de Cartes ,Mines Nains Pierres Précieuses ,Bluff Connexion Équipes Exploration Placement de cartes Plateau modulaire Rôle secret Semi-coopération
32993 ,Saboteur + , ,2015 ,basegame ,20 ,2 à 12 ,30 ,8+ , ,Saboteur ,Jeu de Cartes ,Mines Nains Pierres Précieuses ,Bluff Connexion Équipes Exploration Placement de cartes Plateau modulaire Rôle secret Semi-coopération
24753 ,Saint Seiya ,Deck Building ,2018 ,basegame ,35 ,2 à 5 ,60 ,14+ ,Les chevaliers du zodiaque ,Saint Seiya DB ,Jeu de Cartes ,Asie Dessin animé Japon Manga ,Deck building Gestion de main
36568 ,Salade 2 Points , ,2020 ,basegame ,13.9 ,2 à 6 ,20 ,8+ , ,Salade 2 Points ,Jeu de Cartes ,Alimentation ,Collection Combinaison
19258 ,Salem 1692 , ,2015 ,basegame ,28 ,4 à 12 ,20 à 30 ,12+ , ,Dark Cities ,Jeu De Rôle ,Sorcellerie ,Chance & Hasard Diplomatie Élimination Observation Rôle Rôle secret Vote
38198 ,Sanctuary - The Keepers Era , ,2021 ,basegame ,38 ,1 à 2 ,20 à 60 ,14+ , ,Sanctuary - The Keepers Era ,Jeu de Cartes ,Fantasy ,Affrontement Direct Dans Ta Face Gestion de main
147 ,Scythe , ,2017 ,basegame ,75 ,1 à 5 ,115 ,14+ ,Scythe ,Scythe ,Jeu de plateau ,Économie Guerre Industrie Steampunk ,4X Affrontement Direct Déplacement Exploration Placement d'ouvriers Plateau modulaire Programmation Solo Stratégie
59020 ,Sea Salt & Paper , ,2022 ,basegame ,12 ,2 à 4 ,30 à 45 ,8+ , ,Sea Salt & Paper ,Jeu de Cartes ,Maritime ,Chance & Hasard Collection Combinaison Pioche Prise de risque
67676 ,Sea Salt & Paper - Extra salt , ,2023 ,extension ,5 ,2 à 4 ,30 à 45 ,8+ , ,Sea Salt & Paper ,Jeu de Cartes ,Crustacés Maritime ,Chance & Hasard Collection Combinaison Pioche Prise de risque
3383 ,Seasons , ,2012 ,basegame ,40 ,2 à 4 ,60 ,14+ , ,Seasons ,Jeu de Cartes Jeu de plateau ,Fantastique Magie Saisons ,Chance & Hasard Combinaison Draft Gestion de main Gestion de ressources Pouvoir
44654 ,Shards Of Infinity , ,2021 ,basegame ,22 ,2 à 4 ,30 ,10+ , ,Shards of Infinity ,Jeu de Cartes ,Fantastique Science-fiction ,Affrontement Direct Deck building Gestion de main
57930 ,Shards of Infinity - Au delà  de l'Horizon , ,2022 ,extension ,11 ,2 à 4 ,30 ,10+ , ,Shards of Infinity ,Jeu de Cartes ,Fantastique Science-fiction ,Dans Ta Face Deck building Gestion de main
48046 ,Shards of Infinity - Les Reliques du Futur , ,2021 ,extension ,9.9 ,1 à 4 ,30 ,10+ , ,Shards of Infinity ,Jeu de Cartes ,Science-fiction ,Coopération Deck building Gestion de main
281 ,Sherlock Holmes - les meurtres de la Tamise & autres enquêtes , ,2016 ,basegame ,44.99 ,1+ ,120 à 180 ,12+ ,Sherlock Holmes ,Sherlock Holmes Détective Conseil ,Jeu D'Enquête ,Angleterre Enquêtes & Mystères Époque Victorienne Exploration Littérature Londres ,Coopération Déduction Énigme Narration Semi-coopération
35697 ,Similo - Fables , ,2019 ,basegame ,10.95 ,2 à 8 ,10 ,8+ , ,Similo ,Jeu de Cartes ,Contes ,Communication Restreinte Coopération Déduction Élimination
48750 ,Similo - Harry Potter , ,2022 ,standalone ,13 ,2 à 8 ,10 ,7+ ,Harry Potter ,Similo ,Jeu de Cartes ,Film & Série Littérature Magie Sorcellerie ,Communication Restreinte Coopération Déduction Élimination
35698 ,Similo - History , ,2019 ,basegame ,11.9 ,2 à 8 ,10 ,8+ , ,Similo ,Jeu de Cartes ,Historique ,Communication Restreinte Coopération Déduction Élimination
31249 ,Skyjo , ,2015 ,basegame ,14.9 ,2 à 8 ,15 à 45 ,8+ , ,Skyjo ,Jeu de Cartes ,Chiffres ,Collection Échange & Troc Jeu caché Pioche Placement de cartes
46597 ,Sobek 2 joueurs , ,2021 ,basegame ,22 ,Duo ,20 ,10+ , ,Sobek ,Jeu de tuiles ,Antiquité Commerce Egypte ,Collection Combinaison Duo Gestion de main Placement de tuiles Pouvoir
38095 ,Space Lunch , ,2020 ,basegame ,0 ,1 à 2 ,20 ,10+ , ,Matchbox Collection ,Jeu de Cartes ,Abstrait Alimentation Science-fiction ,Collection Gestion de main
23821 ,Spirits of the Forest - Deluxe , ,2018 ,basegame ,15 ,1 à 4 ,20 ,14+ , ,Spirits of the Forest , ,Abstrait Nature ,Collection Combinaison Draft
41172 ,Spirits of the Forest: Moonlight , ,2021 ,extension ,15 ,1 à 4 ,20 ,14+ , ,Spirits of the Forest , , ,Collection Draft Stratégie
57838 ,Splendor Duel , ,2022 ,basegame ,25 ,Duo ,30 ,10+ , ,Splendor ,Jeu de Cartes ,Bourse & Finances Pierres Précieuses Renaissance ,Blocage Combinaison Commerce Duo Gestion de ressources
860 ,Star Realms , ,2016 ,basegame ,15 ,Duo ,30 à 60 ,12+ , ,Star Realms ,Jeu de Cartes ,Science-fiction ,Affrontement Direct Deck building
107 ,Star Realms - Colony Wars , ,2017 ,standalone ,16 ,Duo ,30 à 60 ,12+ , ,Star Realms ,Jeu de Cartes ,Science-fiction ,Affrontement Direct Deck building
513 ,Star Realms - Crisis - Bases et Vaisseaux , ,2016 ,extension ,5 ,2 à 6 ,30 à 60 ,12+ , ,Star Realms ,Jeu de Cartes ,Science-fiction ,Affrontement Direct Deck building
517 ,Star Realms - Crisis - Événements , ,2016 ,extension ,4.5 ,2 à 6 ,30 à 60 ,12+ , ,Star Realms ,Jeu de Cartes ,Science-fiction ,Affrontement Direct Deck building
514 ,Star Realms - Crisis - Flottes et Bastions , ,2016 ,extension ,5 ,2 à 6 ,30 à 60 ,12+ , ,Star Realms ,Jeu de Cartes ,Science-fiction ,Affrontement Direct Deck building
515 ,Star Realms - Crisis - Héros , ,2016 ,extension ,4.5 ,2 à 6 ,30 à 60 ,12+ , ,Star Realms ,Jeu de Cartes ,Science-fiction ,Affrontement Direct Deck building
39434 ,Star realms - Frontières , ,2020 ,standalone ,15.9 ,1 à 4 ,30 à 60 ,12+ , ,Star Realms ,Jeu de Cartes ,Science-fiction ,Deck building
67535 ,Star Realms - High Alert - Héros , ,2023 ,extension ,5 ,2 à 6 ,30 à 60 ,12+ , ,Star Realms ,Jeu de Cartes ,Science-fiction ,Affrontement Direct Deck building Gestion de main
23583 ,Star Realms - United Missions , ,2016 ,extension ,5 ,2 à 6 ,30 à 60 ,12+ , ,Star Realms ,Jeu de Cartes ,Science-fiction ,Affrontement Direct Deck building
28776 ,Star Wars : Empire vs Rébellion , ,2014 ,basegame ,11.9 ,Duo ,60 ,10+ ,Star Wars ,Star Wars Empire vs Rébellion ,Jeu de Cartes ,Film & Série Science-fiction ,Bluff Deck building Gestion de main Pouvoir
19233 ,Star Wars Légion , ,2018 ,basegame ,90 ,Duo ,60 à 120 ,14+ ,Star Wars ,Star Wars Légion ,Jeu de figurines Wargame ,Science-fiction ,Affrontement Direct Déplacement Jet De Dés Stratégie
25796 ,Sword Art Online - Sword of Fellows , ,2017 ,basegame ,32.95 ,1 à 4 ,30 à 60 ,10+ , , ,Jeu de Cartes ,Asie Film & Série ,Coopération Gestion de main Jet De Dés
28498 ,Takenoko , ,2014 ,basegame ,32.95 ,2 à 4 ,45 ,8+ , ,Takenoko ,Jeu de tuiles ,Animaux Asie Chine Climat & Météo Japon Jardinage Nature Pandas ,Blocage Objectif secret Placement Placement de tuiles Plateau modulaire
1071 ,Takenoko Chibis , ,2015 ,extension ,19 ,2 à 4 ,45 ,8+ , ,Takenoko ,Jeu de plateau ,Animaux Asie Chine Jardinage Nature Pandas ,Blocage Objectif secret Placement Placement de tuiles
37535 ,Tea For 2 , ,2020 ,basegame ,20 ,Duo ,30 ,10+ ,Alice au pays des merveilles ,Tea for 2 ,Jeu de Cartes ,Chiffres Contes Littérature Thé ,Affrontement Direct Choix multiples Deck building Duo Majorité Points d'action Pouvoir
100 ,Terraforming Mars , ,2017 ,basegame ,64.95 ,1 à 5 ,90 à 120 ,12+ ,Terraforming mars ,Terraforming Mars ,Jeu de plateau ,Climat & Météo Colonisation Espace Mars Science-fiction Sciences ,Combinaison Draft Majorité Placement de tuiles Pouvoir
34220 ,The Castles of Burgundy ,20th anniversary ,2019 ,basegame ,40 ,1 à 4 ,70 à 120 ,12+ , ,The Castles Of Burgundy ,Jeu de dés Jeu de tuiles ,Château Médiéval ,Collection Jet De Dés Placement de tuiles
70856 ,The Castles of Burgundy ,Special Edition ,2023 ,basegame ,139.95 ,1 à 4 ,70 à 120 ,12+ , ,The Castles Of Burgundy ,Jeu de dés ,Médiéval ,Collection Jet De Dés Placement de tuiles Semi-coopération
37600 ,The Last Bottle of Rum , ,2021 ,basegame ,42 ,2 à 5 ,45 à 60 ,12+ , , ,Jeu de plateau ,Maritime Océan Pirates ,Affrontement Direct Gestion de main Placement de tuiles
43745 ,The Specialists , ,2021 ,basegame ,45 ,1 à 4 ,60 ,14+ , ,The Specialists ,Jeu de plateau ,Casino Gangs Mafia Voleur ,Conquête Gestion de main Jet De Dés Planification
35165 ,Throw Throw Burrito - kickstarter bonus , ,2019 ,basegame ,0 ,2 à 5 ,10 à 30 ,7+ , ,Aïe Aïe ,Jeu D'Adresse Jeu d'Ambiance ,Abstrait ,Adresse & Dextérité Combinaison Gestion de main Rapidité
24656 ,Time's Up!  Family Vert , ,2018 ,basegame ,20.9 ,4 à 12 ,30 ,8+ , ,Time's Up ! ,Jeu d'Ambiance Jeu De Connaissances ,Animaux Culture générale Métiers ,Devinette Mémorisation Mime Questions & Réponses Rapidité Temps réel
55048 ,Time's Up! Family 1 , ,2014 ,basegame ,0 ,4 à 12 ,30 ,8+ , ,Time's Up ! ,Jeu de Cartes ,Animaux Métiers ,Narration
33238 ,Tiny Epic Mechs , ,2019 ,basegame ,29 ,1 à 4 ,30 à 60 ,14+ ,Tiny Epic ,Tiny Epic Mechs ,Jeu de plateau ,Science-fiction ,Conquête Plateau modulaire Pouvoir Programmation
41470 ,Tiny Epic Zombies , ,2019 ,basegame ,26.9 ,1 à 5 ,30 ,14+ ,Tiny Epic ,Tiny Epic Zombies ,Jeu de plateau ,Horreur Zombies & Morts Vivants ,Coopération Jet De Dés Placement Plateau modulaire
57201 ,Tokaido Duo , ,2022 ,basegame ,20 ,Duo ,20 à 30 ,8+ ,Tokaido , ,Jeu de plateau ,Asie Commerce Course Exploration Historique Japon Transport & voyage ,Collection Déplacement Duo Placement Prise de risque Programmation
19259 ,Tortuga 1667 , ,2017 ,basegame ,20 ,2 à 9 ,30 à 60 ,12+ , ,Dark Cities Tortuga 1667 ,Jeu de plateau ,Pirates ,Semi-coopération Trahison Vote
41776 ,Trek 12 , ,2020 ,basegame ,25 ,1+ ,30 ,8+ , ,Trek 12 ,Jeu à  Griffonner Jeu de dés ,Alpinisme & Escalade Asie Aventure Chiffres Montagne Nature Sports Tibet ,Calcul Chance & Hasard Choix multiples Combinaison Connexion Évolutif Jet De Dés Papier & Crayon Roll & Write
43283 ,Trek 12 - Base Camp 2 , ,2020 ,accessoire ,7.5 ,1 à 5 ,30 ,8+ , ,Trek 12 ,Jeu à  Griffonner Jeu de dés ,Alpinisme & Escalade Asie Aventure Chiffres Montagne Sports Tibet ,Calcul Chance & Hasard Choix multiples Combinaison Connexion Évolutif Jet De Dés Papier & Crayon Roll & Write
46251 ,Trek 12 + 1 - Carnet de Voyage en Himalaya , ,2021 ,extension ,15 ,1+ ,30 ,8+ , ,Trek 12 ,Jeu à  Griffonner Jeu de dés ,Alpinisme & Escalade Asie Aventure Chiffres Montagne Sports Tibet ,Calcul Chance & Hasard Choix multiples Combinaison Connexion Évolutif Jet De Dés Papier & Crayon Roll & Write
20137 ,Troll & Dragon , ,2018 ,basegame ,16 ,2 à 5 ,20 ,7+ , , ,Jeu de dés ,Fantastique ,Jet De Dés Stop ou encore
25156 ,Turbulences , ,2021 ,basegame ,69 ,2 à 6 ,30 à 60 ,14+ , ,Turbulences ,Jeu de plateau ,Aviation Course Postal ,Chance & Hasard Déplacement Plateau modulaire Prise de risque
18946 ,Uno , ,2010 ,basegame ,14 ,2 à 10 ,30 ,7+ , ,Uno ,Jeu de Cartes ,Abstrait Chiffres ,Défausse Pouvoir Rapidité Simultanéité
45956 ,Valeria Le Royaume , ,2021 ,basegame ,40 ,1 à 5 ,30 à 45 ,13+ ,Valeria ,Valeria Le Royaume ,Jeu de Cartes Jeu de dés ,Médiéval Fantastique Monstres & Créatures ,Combinaison Construction Jet De Dés Solo
55166 ,Valeria Le Royaume - La Saga du Ténébréon , ,2022 ,extension ,27.9 ,1 à 5 ,30 à 45 ,13+ ,Valeria ,Valeria Le Royaume ,Jeu de Cartes Jeu de dés ,Médiéval Fantastique Monstres & Créatures ,Campagne Combinaison Construction Coopération Jet De Dés Scénarios Solo
43927 ,Velonimo , ,2021 ,basegame ,12 ,2 à 5 ,30 à 40 ,7+ , ,Velonimo ,Jeu de Cartes ,Animaux Course Cyclisme Sports ,Combinaison Course Défausse
67104 ,Velonimo ,Tour de France ,2023 ,basegame ,5.9 ,2 à 4 ,20 ,7+ ,Le Tour de France ,Velonimo ,Jeu de Cartes ,Animaux Course Cyclisme Sports ,Combinaison Course Défausse
37539 ,Via Magica , ,2020 ,basegame ,25 ,2 à 6 ,30 ,7+ , ,Augustus ,Jeu de Cartes ,Magie ,Chance & Hasard Collection Combinaison Placement d'ouvriers Pouvoir Prise de risque
46516 ,Villainous - Cruellement infects , ,2021 ,standalone ,31 ,2 à 3 ,50 ,10+ ,Disney ,Disney Villainous Villainous ,Jeu de Cartes ,Contes Dessin animé Fantastique ,Asymétrie Combinaison Gestion de main Points d'action Pouvoir
46269 ,Visite Royale , ,2021 ,basegame ,21 ,Duo ,20 ,8+ , ,Visite Royale ,Jeu de Cartes ,Médiéval Royauté ,Affrontement Direct Duo Gestion de main Pouvoir Stratégie
19646 ,Viticulture ,Édition Essentielle ,2017 ,basegame ,59.9 ,1 à 6 ,60 ,14+ , ,Viticulture ,Jeu de plateau ,Agriculture Alcool Italie Vin ,Placement d'ouvriers
38299 ,Viticulture - Les Saisonniers de la Lande , ,2020 ,extension ,13.5 ,1 à 6 ,60 à 120 ,14+ , ,Viticulture ,Jeu de plateau ,Agriculture Alcool Vin ,Placement Placement d'ouvriers
37977 ,Viticulture - Les Saisonniers de la Vallée du Rhin , ,2020 ,extension ,19.99 ,1 à 6 ,60 à 120 ,12+ , ,Viticulture ,Jeu de plateau ,Agriculture Alcool France Vin ,Placement Placement d'ouvriers
26284 ,Volfyirion , ,2018 ,basegame ,18.95 ,1 à 2 ,15 à 30 ,14+ , ,Volfyirion ,Jeu de Cartes ,Fantastique ,Deck building Draft Gestion de main
8944 ,Wazabi , ,2008 ,basegame ,20 ,2 à 6 ,20 ,8+ , ,Wazabi ,Jeu de Cartes Jeu de dés ,Abstrait ,Défausse Gestion de main Jet De Dés Pouvoir
39637 ,Wazabi - Supplément Piment , ,2020 ,extension ,9.95 ,2 à 8 ,30 ,8+ , ,Wazabi ,Jeu de dés ,Abstrait ,Gestion de main Jet De Dés
42055 ,Welcome to La Petite Mort , ,2020 ,extension ,10 ,1 à 4 ,25 ,14+ ,La Petite Mort ,Welcome To Welcome to Your Perfect Home ,Jeu à  Griffonner Jeu de plateau ,Bande dessinée Horreur Humour Monstres & Créatures Mort ,Chance & Hasard Combinaison Construction Flip & Write Papier & Crayon Placement Prise de risque Solo
36721 ,Welcome to New Las Vegas , ,2020 ,basegame ,19.95 ,1+ ,30 à 60 ,10+ , ,Welcome To Welcome to New Las Vegas ,Jeu à  Griffonner Jeu de plateau ,Années 50 Casino États-Unis Urbanisme Ville ,Chance & Hasard Combinaison Construction Flip & Write Papier & Crayon Prise de risque
50329 ,Welcome to the Moon , ,2021 ,basegame ,38 ,1 à 6 ,25 à 30 ,10+ , ,Welcome To Welcome to the moon ,Jeu à  Griffonner Jeu de Cartes ,Espace ,Campagne Chance & Hasard Combinaison Flip & Write Papier & Crayon Prise de risque Scénarios Solo
19524 ,Welcome To Your Perfect Home , ,2018 ,basegame ,22 ,1+ ,25 ,10+ , ,Welcome To Welcome to Your Perfect Home ,Jeu à  Griffonner Jeu de plateau ,Années 50 États-Unis Immobilier Urbanisme Ville ,Chance & Hasard Combinaison Construction Flip & Write Papier & Crayon Placement Prise de risque Solo
30807 ,Welcome to Your perfect Home - Halloween & Lumières de Noël , ,2019 ,extension ,11 ,1 à 36 ,25 ,10+ , ,Welcome To Welcome to Your Perfect Home ,Jeu à  Griffonner Jeu de plateau ,Années 50 États-Unis Urbanisme Ville ,Chance & Hasard Combinaison Construction Flip & Write Papier & Crayon Placement Prise de risque Solo
28349 ,Wingspan ,À tire d'ailes ,2019 ,basegame ,50 ,1 à 5 ,60 ,10+ , ,Wingspan ,Jeu de plateau ,Animaux Nature Oiseaux ,Collection Draft Gestion de main Jet De Dés
35069 ,Wingspan - Europe , ,2019 ,extension ,26.9 ,1 à 5 ,40 à 70 ,10+ , ,Wingspan ,Jeu de plateau ,Animaux Europe Nature Oiseaux ,Collection Draft Gestion de main Jet De Dés Solo
42313 ,Wingspan - Océanie , ,2020 ,extension ,31.5 ,1 à 5 ,40 à 70 ,10+ , ,Wingspan ,Jeu de Cartes Jeu de plateau ,Animaux Nature Océanie Oiseaux ,Collection Draft Gestion de main Jet De Dés
50422 ,Winterhaven Woods , ,2022 ,basegame ,19 ,1 à 6 ,15 à 20 ,8+ , ,Winterhaven Woods ,Jeu de Cartes ,Animaux Écologie Nature Saisons ,Collection Dans Ta Face Draft Stratégie
20960 ,X-Wing ,Miniatures Games ,2012 ,basegame ,39.95 ,Duo ,30 à 45 ,14+ ,Star Wars ,X-Wing ,Jeu de figurines ,Aviation Science-fiction ,Affrontement Direct Choix simultanés Jet De Dés Programmation
21776 ,X-wing - Le Réveil de la force ,Star Wars - Le jeu de figurines ,2015 ,standalone ,0 ,Duo ,30 à 45 ,14+ ,Star Wars ,X-Wing ,Jeu de figurines ,Aviation Science-fiction ,Affrontement Direct Choix simultanés Jet De Dés Programmation
39080 ,Zen Garden , ,2020 ,basegame ,44.99 ,2 à 4 ,30 à 40 ,8+ , , ,Jeu de tuiles ,Asie Japon Jardinage ,Combinaison Placement de tuiles
